{"cameraMode":{"drawMode":0,"name":"Shaded","section":"Shading Mode"},"sceneLighting":false,"audioPlay":false,"sceneViewState":{"showFog":true,"showMaterialUpdate":false,"showSkybox":true,"showFlares":true,"showImageEffects":true,"showParticleSystems":true},"in2DMode":false,"pivot":{"x":-5.199999809265137,"y":-0.12874996662139893,"z":0.008284643292427063},"rotation":{"x":-0.05727839842438698,"y":-0.002399266930297017,"z":0.00013782197493128479,"w":-0.9983577132225037},"size":1.2206076383590699,"orthographic":false}